Vendor,Component,Description,Parent Part,Date,QOH,Demand,Open Orders,Net,RunTotal,Final Sort,Index,Inventory.Std Cost,Extended Cost,Date (Year),Date (Quarter),Date (Month Index),Date (Month)
,ABS-1700,ABS/CYCOLAC MG47 BK4051,_Inventory,2026-02-06,110,0,0,110,110,1,0,4.27,469.69999999999993,2026,Qtr1,2,Feb
,ABS-2160,Cycoloy XCY620S BK1005,_Inventory,2026-02-06,1028,0,0,1028,1028,1,1,3,3084,2026,Qtr1,2,Feb
,ABS-2160,Cycoloy XCY620S BK1005,DEC9606A1,2026-06-05,1028,-22,0,1006,-22,2,2,3,-66,2026,Qtr2,6,Jun
,ABS-2160,Cycoloy XCY620S BK1005,DEC9606B1,2026-06-05,1028,-22,0,984,-22,2,3,3,-66,2026,Qtr2,6,Jun
,ABS-2160,Cycoloy XCY620S BK1005,DEC9606A1,2026-07-03,1028,-33,0,951,-33,2,4,3,-99,2026,Qtr3,7,Jul
,ABS-2160,Cycoloy XCY620S BK1005,DEC9606B1,2026-07-03,1028,-33,0,918,-33,2,5,3,-99,2026,Qtr3,7,Jul
,ABS-2160,Cycoloy XCY620S BK1005,DEC9606A1,2026-08-05,1028,-33,0,885,-33,2,6,3,-99,2026,Qtr3,8,Aug
,ABS-2160,Cycoloy XCY620S BK1005,DEC9606B1,2026-08-05,1028,-33,0,852,-33,2,7,3,-99,2026,Qtr3,8,Aug
,ABS-2160,Cycoloy XCY620S BK1005,DEC9606A1,2026-09-04,1028,-22,0,830,-22,2,8,3,-66,2026,Qtr3,9,Sep
,ABS-2160,Cycoloy XCY620S BK1005,DEC9606B1,2026-09-04,1028,-22,0,808,-22,2,9,3,-66,2026,Qtr3,9,Sep
,ABS-2160,Cycoloy XCY620S BK1005,DEC9606A1,2026-10-05,1028,-33,0,775,-33,2,10,3,-99,2026,Qtr4,10,Oct
,ABS-2160,Cycoloy XCY620S BK1005,DEC9606B1,2026-10-05,1028,-33,0,742,-33,2,11,3,-99,2026,Qtr4,10,Oct
,ABS-2160,Cycoloy XCY620S BK1005,DEC9606B1,2026-11-05,1028,-33,0,709,-33,2,12,3,-99,2026,Qtr4,11,Nov
,ABS-2160,Cycoloy XCY620S BK1005,DEC9606A1,2026-11-05,1028,-33,0,676,-33,2,13,3,-99,2026,Qtr4,11,Nov
,ABS-2160,Cycoloy XCY620S BK1005,DEC9606A1,2026-12-04,1028,-11,0,665,-11,2,14,3,-33,2026,Qtr4,12,Dec
,ABS-2160,Cycoloy XCY620S BK1005,DEC9606B1,2026-12-04,1028,-11,0,654,-11,2,15,3,-33,2026,Qtr4,12,Dec
,ABS-6001,Pulse 2000EZ PC/ABS BLACK,_Inventory,2026-02-06,2561,0,0,2561,2561,1,16,2.1,5378.1,2026,Qtr1,2,Feb
,ABS-6001,Pulse 2000EZ PC/ABS BLACK,BHR8873A2,2026-02-27,2561,-428,0,2133,-428,2,17,2.1,-898.8000000000001,2026,Qtr1,2,Feb
,ABS-6001,Pulse 2000EZ PC/ABS BLACK,BHR8873A2,2026-03-06,2561,-497,0,1636,-497,2,18,2.1,-1043.7,2026,Qtr1,3,Mar
,ABS-6001,Pulse 2000EZ PC/ABS BLACK,BHR8873A2,2026-03-13,2561,-497,0,1139,-497,2,19,2.1,-1043.7,2026,Qtr1,3,Mar
2881,ABS-6001,Pulse 2000EZ PC/ABS BLACK,WH7401,2026-03-16,2561,0,3300,4439,3300,4,20,2.1,6930,2026,Qtr1,3,Mar
,ABS-6001,Pulse 2000EZ PC/ABS BLACK,BHR8873A2,2026-03-20,2561,-249,0,4190,-249,2,21,2.1,-522.9,2026,Qtr1,3,Mar
,ABS-6001,Pulse 2000EZ PC/ABS BLACK,BHR8873A2,2026-03-27,2561,-497,0,3693,-497,2,22,2.1,-1043.7,2026,Qtr1,3,Mar
,ABS-6001,Pulse 2000EZ PC/ABS BLACK,BHR8873A2,2026-04-03,2561,-497,0,3196,-497,2,23,2.1,-1043.7,2026,Qtr2,4,Apr
,ABS-6001,Pulse 2000EZ PC/ABS BLACK,BHR8873A2,2026-04-10,2561,-249,0,2947,-249,2,24,2.1,-522.9,2026,Qtr2,4,Apr
,ABS-6001,Pulse 2000EZ PC/ABS BLACK,BHR8873A2,2026-04-17,2561,-497,0,2450,-497,2,25,2.1,-1043.7,2026,Qtr2,4,Apr
,ABS-6001,Pulse 2000EZ PC/ABS BLACK,BHR8873A2,2026-04-24,2561,-497,0,1953,-497,2,26,2.1,-1043.7,2026,Qtr2,4,Apr
,ABS-6001,Pulse 2000EZ PC/ABS BLACK,BHR8873A2,2026-05-01,2561,-497,0,1456,-497,2,27,2.1,-1043.7,2026,Qtr2,5,May
,ABS-6001,Pulse 2000EZ PC/ABS BLACK,BHR8873A2,2026-05-08,2561,-249,0,1207,-249,2,28,2.1,-522.9,2026,Qtr2,5,May
,ABS-6001,Pulse 2000EZ PC/ABS BLACK,BHR8873A2,2026-05-15,2561,-249,0,958,-249,2,29,2.1,-522.9,2026,Qtr2,5,May
,ABS-6001,Pulse 2000EZ PC/ABS BLACK,BHR8873A2,2026-06-11,2561,-497,0,461,-497,2,30,2.1,-1043.7,2026,Qtr2,6,Jun
,ABS-6001,Pulse 2000EZ PC/ABS BLACK,BHR8873A2,2026-06-24,2561,-995,0,-534,-995,2,31,2.1,-2089.5,2026,Qtr2,6,Jun
,ABS-6001,Pulse 2000EZ PC/ABS BLACK,BHR8873A2,2026-07-21,2561,-1492,0,-2026,-1492,2,32,2.1,-3133.2000000000003,2026,Qtr3,7,Jul
,ABS-6001,Pulse 2000EZ PC/ABS BLACK,BHR8873A2,2026-08-25,2561,-1243,0,-3269,-1243,2,33,2.1,-2610.3,2026,Qtr3,8,Aug
,ABS-6001,Pulse 2000EZ PC/ABS BLACK,BHR8873A2,2026-09-28,2561,-995,0,-4264,-995,2,34,2.1,-2089.5,2026,Qtr3,9,Sep
,ABS-6001,Pulse 2000EZ PC/ABS BLACK,BHR8873A2,2026-10-23,2561,-995,0,-5259,-995,2,35,2.1,-2089.5,2026,Qtr4,10,Oct
,ABS-6001,Pulse 2000EZ PC/ABS BLACK,BHR8873A2,2026-11-23,2561,-1243,0,-6502,-1243,2,36,2.1,-2610.3,2026,Qtr4,11,Nov
,ABS-6001,Pulse 2000EZ PC/ABS BLACK,BHR8873A2,2026-12-22,2561,-1243,0,-7745,-1243,2,37,2.1,-2610.3,2026,Qtr4,12,Dec
,ABS-6001,Pulse 2000EZ PC/ABS BLACK,BHR8873A2,2027-01-25,2561,-995,0,-8740,-995,2,38,2.1,-2089.5,2027,Qtr1,1,Jan
,ABS-6100,Anjacom R050/7020 BK,_Inventory,2026-02-06,12845,0,0,12845,12845,1,39,2.095,26910.275,2026,Qtr1,2,Feb
,ABS-6100,Anjacom R050/7020 BK,DEC9494B3,2026-02-06,12845,-429,0,12416,-429,2,40,2.095,-898.7550000000001,2026,Qtr1,2,Feb
,ABS-6100,Anjacom R050/7020 BK,DEC9494A3,2026-02-06,12845,-391,0,12025,-391,2,41,2.095,-819.1450000000001,2026,Qtr1,2,Feb
,ABS-6100,Anjacom R050/7020 BK,DEC9494B3,2026-02-13,12845,-1514,0,10511,-1514,2,42,2.095,-3171.8300000000004,2026,Qtr1,2,Feb
,ABS-6100,Anjacom R050/7020 BK,DEC9494A3,2026-02-13,12845,-1512,0,8999,-1512,2,43,2.095,-3167.6400000000003,2026,Qtr1,2,Feb
,ABS-6100,Anjacom R050/7020 BK,DEC9494B3,2026-02-20,12845,-757,0,8242,-757,2,44,2.095,-1585.9150000000002,2026,Qtr1,2,Feb
,ABS-6100,Anjacom R050/7020 BK,DEC9494A3,2026-02-20,12845,-756,0,7486,-756,2,45,2.095,-1583.8200000000002,2026,Qtr1,2,Feb
,ABS-6100,Anjacom R050/7020 BK,DEC9494B3,2026-02-27,12845,-1135,0,6351,-1135,2,46,2.095,-2377.8250000000003,2026,Qtr1,2,Feb
,ABS-6100,Anjacom R050/7020 BK,DEC9494A3,2026-02-27,12845,-1134,0,5217,-1134,2,47,2.095,-2375.73,2026,Qtr1,2,Feb
,ABS-6100,Anjacom R050/7020 BK,DEC9494B3,2026-03-06,12845,-757,0,4460,-757,2,48,2.095,-1585.9150000000002,2026,Qtr1,3,Mar
,ABS-6100,Anjacom R050/7020 BK,DEC9494A3,2026-03-06,12845,-756,0,3704,-756,2,49,2.095,-1583.8200000000002,2026,Qtr1,3,Mar
9299,ABS-6100,Anjacom R050/7020 BK,WH8142,2026-03-06,12845,0,6612,10316,6612,4,50,2.095,13852.140000000001,2026,Qtr1,3,Mar
,ABS-6100,Anjacom R050/7020 BK,DEC9494B3,2026-03-13,12845,-757,0,9559,-757,2,51,2.095,-1585.9150000000002,2026,Qtr1,3,Mar
,ABS-6100,Anjacom R050/7020 BK,DEC9494A3,2026-03-13,12845,-756,0,8803,-756,2,52,2.095,-1583.8200000000002,2026,Qtr1,3,Mar
,ABS-6100,Anjacom R050/7020 BK,DEC9494B3,2026-03-20,12845,-378,0,8425,-378,2,53,2.095,-791.9100000000001,2026,Qtr1,3,Mar
,ABS-6100,Anjacom R050/7020 BK,DEC9494A3,2026-03-20,12845,-378,0,8047,-378,2,54,2.095,-791.9100000000001,2026,Qtr1,3,Mar
,ABS-6100,Anjacom R050/7020 BK,DEC9494B3,2026-03-27,12845,-1135,0,6912,-1135,2,55,2.095,-2377.8250000000003,2026,Qtr1,3,Mar
,ABS-6100,Anjacom R050/7020 BK,DEC9494A3,2026-03-27,12845,-1134,0,5778,-1134,2,56,2.095,-2375.73,2026,Qtr1,3,Mar
,ABS-6100,Anjacom R050/7020 BK,DEC9494B3,2026-04-02,12845,-568,0,5210,-568,2,57,2.095,-1189.96,2026,Qtr2,4,Apr
,ABS-6100,Anjacom R050/7020 BK,DEC9494A3,2026-04-02,12845,-567,0,4643,-567,2,58,2.095,-1187.865,2026,Qtr2,4,Apr
,ABS-6100,Anjacom R050/7020 BK,DEC9494B3,2026-04-06,12845,-946,0,3697,-946,2,59,2.095,-1981.8700000000001,2026,Qtr2,4,Apr
,ABS-6100,Anjacom R050/7020 BK,DEC9494A3,2026-04-06,12845,-945,0,2752,-945,2,60,2.095,-1979.775,2026,Qtr2,4,Apr
9299,ABS-6100,Anjacom R050/7020 BK,WH8142,2026-04-06,12845,0,6612,9364,6612,4,61,2.095,13852.140000000001,2026,Qtr2,4,Apr
,ABS-6100,Anjacom R050/7020 BK,DEC9494B3,2026-04-13,12845,-1514,0,7850,-1514,2,62,2.095,-3171.8300000000004,2026,Qtr2,4,Apr
,ABS-6100,Anjacom R050/7020 BK,DEC9494A3,2026-04-13,12845,-1512,0,6338,-1512,2,63,2.095,-3167.6400000000003,2026,Qtr2,4,Apr
,ABS-6100,Anjacom R050/7020 BK,DEC9494B3,2026-04-20,12845,-757,0,5581,-757,2,64,2.095,-1585.9150000000002,2026,Qtr2,4,Apr
,ABS-6100,Anjacom R050/7020 BK,DEC9494A3,2026-04-20,12845,-756,0,4825,-756,2,65,2.095,-1583.8200000000002,2026,Qtr2,4,Apr
,ABS-6100,Anjacom R050/7020 BK,DEC9494B3,2026-04-27,12845,-946,0,3879,-946,2,66,2.095,-1981.8700000000001,2026,Qtr2,4,Apr
,ABS-6100,Anjacom R050/7020 BK,DEC9494A3,2026-04-27,12845,-945,0,2934,-945,2,67,2.095,-1979.775,2026,Qtr2,4,Apr
,ABS-6100,Anjacom R050/7020 BK,DEC9494B3,2026-05-04,12845,-757,0,2177,-757,2,68,2.095,-1585.9150000000002,2026,Qtr2,5,May
,ABS-6100,Anjacom R050/7020 BK,DEC9494A3,2026-05-04,12845,-756,0,1421,-756,2,69,2.095,-1583.8200000000002,2026,Qtr2,5,May
9299,ABS-6100,Anjacom R050/7020 BK,WH8142,2026-05-04,12845,0,6612,8033,6612,4,70,2.095,13852.140000000001,2026,Qtr2,5,May
,ABS-6100,Anjacom R050/7020 BK,DEC9494B3,2026-05-11,12845,-946,0,7087,-946,2,71,2.095,-1981.8700000000001,2026,Qtr2,5,May
,ABS-6100,Anjacom R050/7020 BK,DEC9494A3,2026-05-11,12845,-945,0,6142,-945,2,72,2.095,-1979.775,2026,Qtr2,5,May
,ABS-6100,Anjacom R050/7020 BK,DEC9494B3,2026-05-18,12845,-378,0,5764,-378,2,73,2.095,-791.9100000000001,2026,Qtr2,5,May
,ABS-6100,Anjacom R050/7020 BK,DEC9494A3,2026-05-18,12845,-378,0,5386,-378,2,74,2.095,-791.9100000000001,2026,Qtr2,5,May
,ABS-6100,Anjacom R050/7020 BK,DEC9494B3,2026-05-25,12845,-946,0,4440,-946,2,75,2.095,-1981.8700000000001,2026,Qtr2,5,May
,ABS-6100,Anjacom R050/7020 BK,DEC9494A3,2026-05-25,12845,-945,0,3495,-945,2,76,2.095,-1979.775,2026,Qtr2,5,May
,ABS-6100,Anjacom R050/7020 BK,DEC9494B3,2026-06-01,12845,-568,0,2927,-568,2,77,2.095,-1189.96,2026,Qtr2,6,Jun
,ABS-6100,Anjacom R050/7020 BK,DEC9494A3,2026-06-01,12845,-567,0,2360,-567,2,78,2.095,-1187.865,2026,Qtr2,6,Jun
,ABS-6100,Anjacom R050/7020 BK,DEC9494B3,2026-06-08,12845,-568,0,1792,-568,2,79,2.095,-1189.96,2026,Qtr2,6,Jun
,ABS-6100,Anjacom R050/7020 BK,DEC9494A3,2026-06-08,12845,-567,0,1225,-567,2,80,2.095,-1187.865,2026,Qtr2,6,Jun
,ABS-6100,Anjacom R050/7020 BK,DEC9494B3,2026-06-15,12845,-1135,0,90,-1135,2,81,2.095,-2377.8250000000003,2026,Qtr2,6,Jun
,ABS-6100,Anjacom R050/7020 BK,DEC9494A3,2026-06-15,12845,-1134,0,-1044,-1134,2,82,2.095,-2375.73,2026,Qtr2,6,Jun
,ABS-6100,Anjacom R050/7020 BK,DEC9494B3,2026-06-22,12845,-189,0,-1233,-189,2,83,2.095,-395.95500000000004,2026,Qtr2,6,Jun
,ABS-6100,Anjacom R050/7020 BK,DEC9494A3,2026-06-22,12845,-189,0,-1422,-189,2,84,2.095,-395.95500000000004,2026,Qtr2,6,Jun
,ABS-6100,Anjacom R050/7020 BK,DEC9494B3,2026-07-06,12845,-3027,0,-4449,-3027,2,85,2.095,-6341.5650000000005,2026,Qtr3,7,Jul
,ABS-6100,Anjacom R050/7020 BK,DEC9494A3,2026-07-06,12845,-3025,0,-7474,-3025,2,86,2.095,-6337.375000000001,2026,Qtr3,7,Jul
,ABS-6100,Anjacom R050/7020 BK,DEC9494B3,2026-08-03,12845,-3406,0,-10880,-3406,2,87,2.095,-7135.570000000001,2026,Qtr3,8,Aug
,ABS-6100,Anjacom R050/7020 BK,DEC9494A3,2026-08-03,12845,-3403,0,-14283,-3403,2,88,2.095,-7129.285000000001,2026,Qtr3,8,Aug
,ABS-6100,Anjacom R050/7020 BK,DEC9494B3,2026-09-07,12845,-2838,0,-17121,-2838,2,89,2.095,-5945.610000000001,2026,Qtr3,9,Sep
,ABS-6100,Anjacom R050/7020 BK,DEC9494A3,2026-09-07,12845,-2836,0,-19957,-2836,2,90,2.095,-5941.420000000001,2026,Qtr3,9,Sep
,ABS-6100,Anjacom R050/7020 BK,DEC9494B3,2026-10-05,12845,-3973,0,-23930,-3973,2,91,2.095,-8323.435000000001,2026,Qtr4,10,Oct
,ABS-6100,Anjacom R050/7020 BK,DEC9494A3,2026-10-05,12845,-3970,0,-27900,-3970,2,92,2.095,-8317.150000000001,2026,Qtr4,10,Oct
,ABS-6100,Anjacom R050/7020 BK,DEC9494B3,2026-11-02,12845,-1135,0,-29035,-1135,2,93,2.095,-2377.8250000000003,2026,Qtr4,11,Nov
,ABS-6100,Anjacom R050/7020 BK,DEC9494A3,2026-11-02,12845,-1134,0,-30169,-1134,2,94,2.095,-2375.73,2026,Qtr4,11,Nov
,ABS-6110,Anjacom ABS 050 7020 Natural 0000,_Inventory,2026-02-06,1496,0,0,1496,1496,1,95,2.68,4009.28,2026,Qtr1,2,Feb
,ACE-1400,DELRIN 570 NC-000 NATURAL,_Inventory,2026-02-06,135,0,0,135,135,1,96,4.95,668.25,2026,Qtr1,2,Feb
,ACE-1400,DELRIN 570 NC-000 NATURAL,SMP8248A1,2026-02-06,135,-53,0,82,-53,2,97,4.95,-262.35,2026,Qtr1,2,Feb
,ACE-1400,DELRIN 570 NC-000 NATURAL,SMP2466A1,2026-02-13,135,-47,0,35,-47,2,98,4.95,-232.65,2026,Qtr1,2,Feb
,ACE-1400,DELRIN 570 NC-000 NATURAL,SMP8248A1,2026-03-12,135,-184,0,-149,-184,2,99,4.95,-910.8000000000001,2026,Qtr1,3,Mar
,ACE-1500,DELRIN 577 BLACK,_Inventory,2026-02-06,117,0,0,117,117,1,100,3.38,395.46,2026,Qtr1,2,Feb
,ACE-2000,CELCON M-90 NATURAL,_Inventory,2026-02-06,17223,0,0,17223,17223,1,101,1.3,22389.9,2026,Qtr1,2,Feb
,ACE-2000,CELCON M-90 NATURAL,DTS8538A1,2026-02-09,17223,-375,0,16848,-375,2,102,1.3,-487.5,2026,Qtr1,2,Feb
,ACE-2000,CELCON M-90 NATURAL,DTS8525A1,2026-02-16,17223,-613,0,16235,-613,2,103,1.3,-796.9,2026,Qtr1,2,Feb
,ACE-2000,CELCON M-90 NATURAL,DTS8538A1,2026-02-17,17223,-474,0,15761,-474,2,104,1.3,-616.2,2026,Qtr1,2,Feb
,ACE-2000,CELCON M-90 NATURAL,DTS8538A1,2026-02-18,17223,-474,0,15287,-474,2,105,1.3,-616.2,2026,Qtr1,2,Feb
,ACE-2000,CELCON M-90 NATURAL,DTS8538A1,2026-02-26,17223,-947,0,14340,-947,2,106,1.3,-1231.1000000000001,2026,Qtr1,2,Feb
,ACE-2000,CELCON M-90 NATURAL,DTS8525A1,2026-03-02,17223,-684,0,13656,-684,2,107,1.3,-889.2,2026,Qtr1,3,Mar
0213,ACE-2000,CELCON M-90 NATURAL,WH7011,2026-03-02,17223,0,13224,26880,13224,4,108,1.3,17191.2,2026,Qtr1,3,Mar
,ACE-2000,CELCON M-90 NATURAL,DTS8538A1,2026-03-05,17223,-474,0,26406,-474,2,109,1.3,-616.2,2026,Qtr1,3,Mar
,ACE-2000,CELCON M-90 NATURAL,DTS8525A1,2026-03-09,17223,-684,0,25722,-684,2,110,1.3,-889.2,2026,Qtr1,3,Mar
,ACE-2000,CELCON M-90 NATURAL,DTS8538A1,2026-03-12,17223,-947,0,24775,-947,2,111,1.3,-1231.1000000000001,2026,Qtr1,3,Mar
,ACE-2000,CELCON M-90 NATURAL,DTS8524A1,2026-03-12,17223,-643,0,24132,-643,2,112,1.3,-835.9,2026,Qtr1,3,Mar
,ACE-2000,CELCON M-90 NATURAL,DTS8538A1,2026-03-19,17223,-947,0,23185,-947,2,113,1.3,-1231.1000000000001,2026,Qtr1,3,Mar
,ACE-2000,CELCON M-90 NATURAL,DTS8524A1,2026-03-19,17223,-643,0,22542,-643,2,114,1.3,-835.9,2026,Qtr1,3,Mar
,ACE-2000,CELCON M-90 NATURAL,DTS9697A1,2026-03-23,17223,-2864,0,19678,-2864,2,115,1.3,-3723.2000000000003,2026,Qtr1,3,Mar
,ACE-2000,CELCON M-90 NATURAL,DTS8525A1,2026-03-23,17223,-684,0,18994,-684,2,116,1.3,-889.2,2026,Qtr1,3,Mar
,ACE-2000,CELCON M-90 NATURAL,DTS8538A1,2026-03-26,17223,-947,0,18047,-947,2,117,1.3,-1231.1000000000001,2026,Qtr1,3,Mar
,ACE-2000,CELCON M-90 NATURAL,DTS9697A1,2026-03-30,17223,-2864,0,15183,-2864,2,118,1.3,-3723.2000000000003,2026,Qtr1,3,Mar
,ACE-2000,CELCON M-90 NATURAL,DTS8524A1,2026-04-02,17223,-643,0,14540,-643,2,119,1.3,-835.9,2026,Qtr2,4,Apr
,ACE-2000,CELCON M-90 NATURAL,DTS8538A1,2026-04-02,17223,-474,0,14066,-474,2,120,1.3,-616.2,2026,Qtr2,4,Apr
,ACE-2000,CELCON M-90 NATURAL,DTS9697A1,2026-04-06,17223,-2864,0,11202,-2864,2,121,1.3,-3723.2000000000003,2026,Qtr2,4,Apr
,ACE-2000,CELCON M-90 NATURAL,DTS8525A1,2026-04-06,17223,-684,0,10518,-684,2,122,1.3,-889.2,2026,Qtr2,4,Apr
,ACE-2000,CELCON M-90 NATURAL,DTS8538A1,2026-04-09,17223,-474,0,10044,-474,2,123,1.3,-616.2,2026,Qtr2,4,Apr
,ACE-2000,CELCON M-90 NATURAL,DTS9697A1,2026-04-13,17223,-2864,0,7180,-2864,2,124,1.3,-3723.2000000000003,2026,Qtr2,4,Apr
0213,ACE-2000,CELCON M-90 NATURAL,WH7011,2026-04-15,17223,0,3306,10486,3306,4,125,1.3,4297.8,2026,Qtr2,4,Apr
,ACE-2000,CELCON M-90 NATURAL,DTS8538A1,2026-04-16,17223,-947,0,9539,-947,2,126,1.3,-1231.1000000000001,2026,Qtr2,4,Apr
,ACE-2000,CELCON M-90 NATURAL,DTS8524A1,2026-04-16,17223,-643,0,8896,-643,2,127,1.3,-835.9,2026,Qtr2,4,Apr
,ACE-2000,CELCON M-90 NATURAL,DTS8525A1,2026-04-20,17223,-684,0,8212,-684,2,128,1.3,-889.2,2026,Qtr2,4,Apr
,ACE-2000,CELCON M-90 NATURAL,DTS8538A1,2026-04-23,17223,-947,0,7265,-947,2,129,1.3,-1231.1000000000001,2026,Qtr2,4,Apr
,ACE-2000,CELCON M-90 NATURAL,DTS9697A1,2026-04-27,17223,-2864,0,4401,-2864,2,130,1.3,-3723.2000000000003,2026,Qtr2,4,Apr
,ACE-2000,CELCON M-90 NATURAL,DTS8524A1,2026-04-30,17223,-643,0,3758,-643,2,131,1.3,-835.9,2026,Qtr2,4,Apr
,ACE-2000,CELCON M-90 NATURAL,DTS8538A1,2026-04-30,17223,-474,0,3284,-474,2,132,1.3,-616.2,2026,Qtr2,4,Apr
0213,ACE-2000,CELCON M-90 NATURAL,WH7011,2026-05-01,17223,0,6612,9896,6612,4,133,1.3,8595.6,2026,Qtr2,5,May
,ACE-2000,CELCON M-90 NATURAL,DTS9697A1,2026-05-04,17223,-2864,0,7032,-2864,2,134,1.3,-3723.2000000000003,2026,Qtr2,5,May
,ACE-2000,CELCON M-90 NATURAL,DTS8525A1,2026-05-04,17223,-684,0,6348,-684,2,135,1.3,-889.2,2026,Qtr2,5,May
,ACE-2000,CELCON M-90 NATURAL,DTS8538A1,2026-05-07,17223,-947,0,5401,-947,2,136,1.3,-1231.1000000000001,2026,Qtr2,5,May
,ACE-2000,CELCON M-90 NATURAL,DTS8524A1,2026-05-07,17223,-643,0,4758,-643,2,137,1.3,-835.9,2026,Qtr2,5,May
,ACE-2000,CELCON M-90 NATURAL,DTS9697A1,2026-05-11,17223,-2864,0,1894,-2864,2,138,1.3,-3723.2000000000003,2026,Qtr2,5,May
,ACE-2000,CELCON M-90 NATURAL,DTS8525A1,2026-05-11,17223,-684,0,1210,-684,2,139,1.3,-889.2,2026,Qtr2,5,May
,ACE-2000,CELCON M-90 NATURAL,DTS8538A1,2026-05-14,17223,-947,0,263,-947,2,140,1.3,-1231.1000000000001,2026,Qtr2,5,May
0213,ACE-2000,CELCON M-90 NATURAL,WH7011,2026-05-14,17223,0,6612,6875,6612,4,141,1.3,8595.6,2026,Qtr2,5,May
,ACE-2000,CELCON M-90 NATURAL,DTS8524A1,2026-05-21,17223,-643,0,6232,-643,2,142,1.3,-835.9,2026,Qtr2,5,May
,ACE-2000,CELCON M-90 NATURAL,DTS8538A1,2026-05-21,17223,-474,0,5758,-474,2,143,1.3,-616.2,2026,Qtr2,5,May
0213,ACE-2000,CELCON M-90 NATURAL,WH7011,2026-05-22,17223,0,6612,12370,6612,4,144,1.3,8595.6,2026,Qtr2,5,May
,ACE-2000,CELCON M-90 NATURAL,DTS9697A1,2026-05-25,17223,-2864,0,9506,-2864,2,145,1.3,-3723.2000000000003,2026,Qtr2,5,May
,ACE-2000,CELCON M-90 NATURAL,DTS8525A1,2026-05-25,17223,-684,0,8822,-684,2,146,1.3,-889.2,2026,Qtr2,5,May
,ACE-2000,CELCON M-90 NATURAL,DTS8538A1,2026-05-28,17223,-947,0,7875,-947,2,147,1.3,-1231.1000000000001,2026,Qtr2,5,May
,ACE-2000,CELCON M-90 NATURAL,DTS9697A1,2026-06-01,17223,-2864,0,5011,-2864,2,148,1.3,-3723.2000000000003,2026,Qtr2,6,Jun
,ACE-2000,CELCON M-90 NATURAL,DTS8524A1,2026-06-04,17223,-643,0,4368,-643,2,149,1.3,-835.9,2026,Qtr2,6,Jun
,ACE-2000,CELCON M-90 NATURAL,DTS8538A1,2026-06-04,17223,-474,0,3894,-474,2,150,1.3,-616.2,2026,Qtr2,6,Jun
,ACE-2000,CELCON M-90 NATURAL,DTS9697A1,2026-06-08,17223,-2864,0,1030,-2864,2,151,1.3,-3723.2000000000003,2026,Qtr2,6,Jun
,ACE-2000,CELCON M-90 NATURAL,DTS8525A1,2026-06-08,17223,-684,0,346,-684,2,152,1.3,-889.2,2026,Qtr2,6,Jun
,ACE-2000,CELCON M-90 NATURAL,DTS8538A1,2026-06-11,17223,-474,0,-128,-474,2,153,1.3,-616.2,2026,Qtr2,6,Jun
,ACE-2000,CELCON M-90 NATURAL,DTS8524A1,2026-06-18,17223,-643,0,-771,-643,2,154,1.3,-835.9,2026,Qtr2,6,Jun
,ACE-2000,CELCON M-90 NATURAL,DTS8538A1,2026-06-18,17223,-474,0,-1245,-474,2,155,1.3,-616.2,2026,Qtr2,6,Jun
,ACE-2000,CELCON M-90 NATURAL,DTS9697A1,2026-06-22,17223,-2864,0,-4109,-2864,2,156,1.3,-3723.2000000000003,2026,Qtr2,6,Jun
,ACE-2000,CELCON M-90 NATURAL,DTS8525A1,2026-06-22,17223,-684,0,-4793,-684,2,157,1.3,-889.2,2026,Qtr2,6,Jun
,ACE-2000,CELCON M-90 NATURAL,DTS8538A1,2026-06-25,17223,-474,0,-5267,-474,2,158,1.3,-616.2,2026,Qtr2,6,Jun
,ACE-2000,CELCON M-90 NATURAL,DTS9697A1,2026-06-29,17223,-2864,0,-8131,-2864,2,159,1.3,-3723.2000000000003,2026,Qtr2,6,Jun
,ACE-2000,CELCON M-90 NATURAL,DTS9697A1,2026-07-06,17223,-2864,0,-10995,-2864,2,160,1.3,-3723.2000000000003,2026,Qtr3,7,Jul
,ACE-2000,CELCON M-90 NATURAL,DTS8538A1,2026-07-09,17223,-947,0,-11942,-947,2,161,1.3,-1231.1000000000001,2026,Qtr3,7,Jul
,ACE-2000,CELCON M-90 NATURAL,DTS8524A1,2026-07-09,17223,-643,0,-12585,-643,2,162,1.3,-835.9,2026,Qtr3,7,Jul
,ACE-2000,CELCON M-90 NATURAL,DTS8525A1,2026-07-13,17223,-684,0,-13269,-684,2,163,1.3,-889.2,2026,Qtr3,7,Jul
,ACE-2000,CELCON M-90 NATURAL,DTS8538A1,2026-07-16,17223,-474,0,-13743,-474,2,164,1.3,-616.2,2026,Qtr3,7,Jul
,ACE-2000,CELCON M-90 NATURAL,DTS9697A1,2026-07-20,17223,-2864,0,-16607,-2864,2,165,1.3,-3723.2000000000003,2026,Qtr3,7,Jul
,ACE-2000,CELCON M-90 NATURAL,DTS8524A1,2026-07-23,17223,-643,0,-17250,-643,2,166,1.3,-835.9,2026,Qtr3,7,Jul
,ACE-2000,CELCON M-90 NATURAL,DTS8538A1,2026-07-23,17223,-474,0,-17724,-474,2,167,1.3,-616.2,2026,Qtr3,7,Jul
,ACE-2000,CELCON M-90 NATURAL,DTS9697A1,2026-07-27,17223,-2864,0,-20588,-2864,2,168,1.3,-3723.2000000000003,2026,Qtr3,7,Jul
,ACE-2000,CELCON M-90 NATURAL,DTS8525A1,2026-07-27,17223,-684,0,-21272,-684,2,169,1.3,-889.2,2026,Qtr3,7,Jul
,ACE-2000,CELCON M-90 NATURAL,DTS8538A1,2026-07-30,17223,-947,0,-22219,-947,2,170,1.3,-1231.1000000000001,2026,Qtr3,7,Jul
,ACE-2000,CELCON M-90 NATURAL,DTS9697A1,2026-08-03,17223,-2864,0,-25083,-2864,2,171,1.3,-3723.2000000000003,2026,Qtr3,8,Aug
,ACE-2000,CELCON M-90 NATURAL,DTS8524A1,2026-08-06,17223,-643,0,-25726,-643,2,172,1.3,-835.9,2026,Qtr3,8,Aug
,ACE-2000,CELCON M-90 NATURAL,DTS8538A1,2026-08-06,17223,-474,0,-26200,-474,2,173,1.3,-616.2,2026,Qtr3,8,Aug
,ACE-2000,CELCON M-90 NATURAL,DTS8525A1,2026-08-10,17223,-684,0,-26884,-684,2,174,1.3,-889.2,2026,Qtr3,8,Aug
,ACE-2000,CELCON M-90 NATURAL,DTS8538A1,2026-08-13,17223,-474,0,-27358,-474,2,175,1.3,-616.2,2026,Qtr3,8,Aug
,ACE-2000,CELCON M-90 NATURAL,DTS9697A1,2026-08-17,17223,-2864,0,-30222,-2864,2,176,1.3,-3723.2000000000003,2026,Qtr3,8,Aug
,ACE-2000,CELCON M-90 NATURAL,DTS8524A1,2026-08-20,17223,-643,0,-30865,-643,2,177,1.3,-835.9,2026,Qtr3,8,Aug
,ACE-2000,CELCON M-90 NATURAL,DTS8538A1,2026-08-20,17223,-474,0,-31339,-474,2,178,1.3,-616.2,2026,Qtr3,8,Aug
,ACE-2000,CELCON M-90 NATURAL,DTS9697A1,2026-08-24,17223,-2864,0,-34203,-2864,2,179,1.3,-3723.2000000000003,2026,Qtr3,8,Aug
,ACE-2000,CELCON M-90 NATURAL,DTS8524A1,2026-08-27,17223,-643,0,-34846,-643,2,180,1.3,-835.9,2026,Qtr3,8,Aug
,ACE-2000,CELCON M-90 NATURAL,DTS8538A1,2026-08-27,17223,-474,0,-35320,-474,2,181,1.3,-616.2,2026,Qtr3,8,Aug
,ACE-2000,CELCON M-90 NATURAL,DTS9697A1,2026-08-31,17223,-2864,0,-38184,-2864,2,182,1.3,-3723.2000000000003,2026,Qtr3,8,Aug
,ACE-2000,CELCON M-90 NATURAL,DTS8525A1,2026-08-31,17223,-684,0,-38868,-684,2,183,1.3,-889.2,2026,Qtr3,8,Aug
,ACE-2000,CELCON M-90 NATURAL,DTS8538A1,2026-09-03,17223,-474,0,-39342,-474,2,184,1.3,-616.2,2026,Qtr3,9,Sep
,ACE-2000,CELCON M-90 NATURAL,DTS8524A1,2026-09-10,17223,-643,0,-39985,-643,2,185,1.3,-835.9,2026,Qtr3,9,Sep
,ACE-2000,CELCON M-90 NATURAL,DTS8538A1,2026-09-10,17223,-474,0,-40459,-474,2,186,1.3,-616.2,2026,Qtr3,9,Sep
,ACE-2000,CELCON M-90 NATURAL,DTS8525A1,2026-09-14,17223,-684,0,-41143,-684,2,187,1.3,-889.2,2026,Qtr3,9,Sep
,ACE-2000,CELCON M-90 NATURAL,DTS8538A1,2026-09-17,17223,-474,0,-41617,-474,2,188,1.3,-616.2,2026,Qtr3,9,Sep
,ACE-2000,CELCON M-90 NATURAL,DTS8524A1,2026-09-24,17223,-643,0,-42260,-643,2,189,1.3,-835.9,2026,Qtr3,9,Sep
,ACE-2000,CELCON M-90 NATURAL,DTS8538A1,2026-09-24,17223,-474,0,-42734,-474,2,190,1.3,-616.2,2026,Qtr3,9,Sep
,ACE-2000,CELCON M-90 NATURAL,DTS8524A1,2026-10-01,17223,-643,0,-43377,-643,2,191,1.3,-835.9,2026,Qtr4,10,Oct
,ACE-2000,CELCON M-90 NATURAL,DTS8538A1,2026-10-01,17223,-474,0,-43851,-474,2,192,1.3,-616.2,2026,Qtr4,10,Oct
,ACE-2000,CELCON M-90 NATURAL,DTS8525A1,2026-10-05,17223,-684,0,-44535,-684,2,193,1.3,-889.2,2026,Qtr4,10,Oct
,ACE-2000,CELCON M-90 NATURAL,DTS8538A1,2026-10-08,17223,-947,0,-45482,-947,2,194,1.3,-1231.1000000000001,2026,Qtr4,10,Oct
,ACE-2000,CELCON M-90 NATURAL,DTS8524A1,2026-10-15,17223,-643,0,-46125,-643,2,195,1.3,-835.9,2026,Qtr4,10,Oct
,ACE-2000,CELCON M-90 NATURAL,DTS8538A1,2026-10-15,17223,-474,0,-46599,-474,2,196,1.3,-616.2,2026,Qtr4,10,Oct
,ACE-2000,CELCON M-90 NATURAL,DTS8525A1,2026-10-19,17223,-684,0,-47283,-684,2,197,1.3,-889.2,2026,Qtr4,10,Oct
,ACE-2000,CELCON M-90 NATURAL,DTS8538A1,2026-10-22,17223,-474,0,-47757,-474,2,198,1.3,-616.2,2026,Qtr4,10,Oct
,ACE-2000,CELCON M-90 NATURAL,DTS8524A1,2026-10-29,17223,-643,0,-48400,-643,2,199,1.3,-835.9,2026,Qtr4,10,Oct
,ACE-2000,CELCON M-90 NATURAL,DTS8538A1,2026-10-29,17223,-474,0,-48874,-474,2,200,1.3,-616.2,2026,Qtr4,10,Oct
,ACE-2000,CELCON M-90 NATURAL,DTS8525A1,2026-11-02,17223,-684,0,-49558,-684,2,201,1.3,-889.2,2026,Qtr4,11,Nov
,ACE-2000,CELCON M-90 NATURAL,DTS8524A1,2026-11-12,17223,-643,0,-50201,-643,2,202,1.3,-835.9,2026,Qtr4,11,Nov
,ACE-2000,CELCON M-90 NATURAL,DTS8538A1,2026-11-12,17223,-474,0,-50675,-474,2,203,1.3,-616.2,2026,Qtr4,11,Nov
,ACE-2000,CELCON M-90 NATURAL,DTS8524A1,2026-11-19,17223,-643,0,-51318,-643,2,204,1.3,-835.9,2026,Qtr4,11,Nov
,ACE-2000,CELCON M-90 NATURAL,DTS8538A1,2026-11-19,17223,-474,0,-51792,-474,2,205,1.3,-616.2,2026,Qtr4,11,Nov
,ACE-2000,CELCON M-90 NATURAL,DTS8525A1,2026-11-23,17223,-684,0,-52476,-684,2,206,1.3,-889.2,2026,Qtr4,11,Nov
,ACE-2000,CELCON M-90 NATURAL,DTS8538A1,2026-11-26,17223,-474,0,-52950,-474,2,207,1.3,-616.2,2026,Qtr4,11,Nov
,ACE-2000,CELCON M-90 NATURAL,DTS8538A1,2026-12-03,17223,-947,0,-53897,-947,2,208,1.3,-1231.1000000000001,2026,Qtr4,12,Dec
,ACE-2000,CELCON M-90 NATURAL,DTS8538A1,2026-12-10,17223,-947,0,-54844,-947,2,209,1.3,-1231.1000000000001,2026,Qtr4,12,Dec
,ACE-2000,CELCON M-90 NATURAL,DTS8524A1,2026-12-10,17223,-643,0,-55487,-643,2,210,1.3,-835.9,2026,Qtr4,12,Dec
,ACE-2000,CELCON M-90 NATURAL,DTS8525A1,2026-12-14,17223,-684,0,-56171,-684,2,211,1.3,-889.2,2026,Qtr4,12,Dec
,ACE-2000,CELCON M-90 NATURAL,DTS8524A1,2026-12-31,17223,-643,0,-56814,-643,2,212,1.3,-835.9,2026,Qtr4,12,Dec
,ACE-2000,CELCON M-90 NATURAL,DTS8538A1,2026-12-31,17223,-474,0,-57288,-474,2,213,1.3,-616.2,2026,Qtr4,12,Dec
,ACE-2000,CELCON M-90 NATURAL,DTS8525A1,2027-01-04,17223,-684,0,-57972,-684,2,214,1.3,-889.2,2027,Qtr1,1,Jan
,ACE-2000,CELCON M-90 NATURAL,DTS8538A1,2027-01-07,17223,-474,0,-58446,-474,2,215,1.3,-616.2,2027,Qtr1,1,Jan
,ACE-2000,CELCON M-90 NATURAL,DTS8524A1,2027-01-14,17223,-643,0,-59089,-643,2,216,1.3,-835.9,2027,Qtr1,1,Jan
,ACE-2000,CELCON M-90 NATURAL,DTS8538A1,2027-01-14,17223,-474,0,-59563,-474,2,217,1.3,-616.2,2027,Qtr1,1,Jan
,ACE-2000,CELCON M-90 NATURAL,DTS8524A1,2027-01-21,17223,-643,0,-60206,-643,2,218,1.3,-835.9,2027,Qtr1,1,Jan
,ACE-2000,CELCON M-90 NATURAL,DTS8538A1,2027-01-21,17223,-474,0,-60680,-474,2,219,1.3,-616.2,2027,Qtr1,1,Jan
,ACE-3100,CELCON M90 BLACK,_Inventory,2026-02-06,13133,0,0,13133,13133,1,220,1.27,16678.91,2026,Qtr1,2,Feb
0213,ACE-3100,CELCON M90 BLACK,WH7011,2026-03-02,13133,0,11020,24153,11020,4,221,1.27,13995.4,2026,Qtr1,3,Mar
,ACE-3100,CELCON M90 BLACK,DTS8540A1,2026-03-12,13133,-377,0,23776,-377,2,222,1.27,-478.79,2026,Qtr1,3,Mar
,ACE-3100,CELCON M90 BLACK,DTS8540A1,2026-03-19,13133,-859,0,22917,-859,2,223,1.27,-1090.93,2026,Qtr1,3,Mar
,ACE-3100,CELCON M90 BLACK,DTS9696A1,2026-03-23,13133,-2909,0,20008,-2909,2,224,1.27,-3694.43,2026,Qtr1,3,Mar
,ACE-3100,CELCON M90 BLACK,DTS8540A1,2026-03-26,13133,-429,0,19579,-429,2,225,1.27,-544.83,2026,Qtr1,3,Mar
,ACE-3100,CELCON M90 BLACK,DTS9696A1,2026-03-30,13133,-2909,0,16670,-2909,2,226,1.27,-3694.43,2026,Qtr1,3,Mar
,ACE-3100,CELCON M90 BLACK,DTS9696A1,2026-04-06,13133,-2909,0,13761,-2909,2,227,1.27,-3694.43,2026,Qtr2,4,Apr
,ACE-3100,CELCON M90 BLACK,DTS8540A1,2026-04-09,13133,-429,0,13332,-429,2,228,1.27,-544.83,2026,Qtr2,4,Apr
,ACE-3100,CELCON M90 BLACK,DTS9696A1,2026-04-13,13133,-2909,0,10423,-2909,2,229,1.27,-3694.43,2026,Qtr2,4,Apr
,ACE-3100,CELCON M90 BLACK,DTS8540A1,2026-04-16,13133,-429,0,9994,-429,2,230,1.27,-544.83,2026,Qtr2,4,Apr
,ACE-3100,CELCON M90 BLACK,DTS8540A1,2026-04-23,13133,-429,0,9565,-429,2,231,1.27,-544.83,2026,Qtr2,4,Apr
,ACE-3100,CELCON M90 BLACK,DTS9696A1,2026-04-27,13133,-2909,0,6656,-2909,2,232,1.27,-3694.43,2026,Qtr2,4,Apr
,ACE-3100,CELCON M90 BLACK,DTS8540A1,2026-04-30,13133,-429,0,6227,-429,2,233,1.27,-544.83,2026,Qtr2,4,Apr
,ACE-3100,CELCON M90 BLACK,DTS9696A1,2026-05-04,13133,-2909,0,3318,-2909,2,234,1.27,-3694.43,2026,Qtr2,5,May
0213,ACE-3100,CELCON M90 BLACK,WH7011,2026-05-04,13133,0,4408,7726,4408,4,235,1.27,5598.16,2026,Qtr2,5,May
,ACE-3100,CELCON M90 BLACK,DTS8540A1,2026-05-07,13133,-429,0,7297,-429,2,236,1.27,-544.83,2026,Qtr2,5,May
,ACE-3100,CELCON M90 BLACK,DTS9696A1,2026-05-11,13133,-2909,0,4388,-2909,2,237,1.27,-3694.43,2026,Qtr2,5,May
,ACE-3100,CELCON M90 BLACK,DTS8540A1,2026-05-14,13133,-429,0,3959,-429,2,238,1.27,-544.83,2026,Qtr2,5,May
0213,ACE-3100,CELCON M90 BLACK,WH7011,2026-05-15,13133,0,4408,8367,4408,4,239,1.27,5598.16,2026,Qtr2,5,May
,ACE-3100,CELCON M90 BLACK,DTS9696A1,2026-05-25,13133,-2909,0,5458,-2909,2,240,1.27,-3694.43,2026,Qtr2,5,May
,ACE-3100,CELCON M90 BLACK,DTS8540A1,2026-05-28,13133,-429,0,5029,-429,2,241,1.27,-544.83,2026,Qtr2,5,May
,ACE-3100,CELCON M90 BLACK,DTS9696A1,2026-06-01,13133,-2909,0,2120,-2909,2,242,1.27,-3694.43,2026,Qtr2,6,Jun
0213,ACE-3100,CELCON M90 BLACK,WH7011,2026-06-01,13133,0,4408,6528,4408,4,243,1.27,5598.16,2026,Qtr2,6,Jun
,ACE-3100,CELCON M90 BLACK,DTS8540A1,2026-06-04,13133,-429,0,6099,-429,2,244,1.27,-544.83,2026,Qtr2,6,Jun
,ACE-3100,CELCON M90 BLACK,DTS9696A1,2026-06-08,13133,-2909,0,3190,-2909,2,245,1.27,-3694.43,2026,Qtr2,6,Jun
,ACE-3100,CELCON M90 BLACK,DTS8540A1,2026-06-11,13133,-429,0,2761,-429,2,246,1.27,-544.83,2026,Qtr2,6,Jun
,ACE-3100,CELCON M90 BLACK,DTS8540A1,2026-06-18,13133,-429,0,2332,-429,2,247,1.27,-544.83,2026,Qtr2,6,Jun
,ACE-3100,CELCON M90 BLACK,DTS9696A1,2026-06-22,13133,-2909,0,-577,-2909,2,248,1.27,-3694.43,2026,Qtr2,6,Jun
,ACE-3100,CELCON M90 BLACK,DTS9696A1,2026-06-29,13133,-2909,0,-3486,-2909,2,249,1.27,-3694.43,2026,Qtr2,6,Jun
,ACE-3100,CELCON M90 BLACK,DTS9696A1,2026-07-06,13133,-2909,0,-6395,-2909,2,250,1.27,-3694.43,2026,Qtr3,7,Jul
,ACE-3100,CELCON M90 BLACK,DTS8540A1,2026-07-09,13133,-429,0,-6824,-429,2,251,1.27,-544.83,2026,Qtr3,7,Jul
,ACE-3100,CELCON M90 BLACK,DTS8540A1,2026-07-16,13133,-429,0,-7253,-429,2,252,1.27,-544.83,2026,Qtr3,7,Jul
,ACE-3100,CELCON M90 BLACK,DTS9696A1,2026-07-20,13133,-2909,0,-10162,-2909,2,253,1.27,-3694.43,2026,Qtr3,7,Jul
,ACE-3100,CELCON M90 BLACK,DTS9696A1,2026-07-27,13133,-2909,0,-13071,-2909,2,254,1.27,-3694.43,2026,Qtr3,7,Jul
,ACE-3100,CELCON M90 BLACK,DTS8540A1,2026-07-30,13133,-429,0,-13500,-429,2,255,1.27,-544.83,2026,Qtr3,7,Jul
,ACE-3100,CELCON M90 BLACK,DTS9696A1,2026-08-03,13133,-2909,0,-16409,-2909,2,256,1.27,-3694.43,2026,Qtr3,8,Aug
,ACE-3100,CELCON M90 BLACK,DTS8540A1,2026-08-06,13133,-429,0,-16838,-429,2,257,1.27,-544.83,2026,Qtr3,8,Aug
,ACE-3100,CELCON M90 BLACK,DTS8540A1,2026-08-13,13133,-429,0,-17267,-429,2,258,1.27,-544.83,2026,Qtr3,8,Aug
,ACE-3100,CELCON M90 BLACK,DTS9696A1,2026-08-17,13133,-2909,0,-20176,-2909,2,259,1.27,-3694.43,2026,Qtr3,8,Aug
,ACE-3100,CELCON M90 BLACK,DTS8540A1,2026-08-20,13133,-429,0,-20605,-429,2,260,1.27,-544.83,2026,Qtr3,8,Aug
,ACE-3100,CELCON M90 BLACK,DTS9696A1,2026-08-24,13133,-2909,0,-23514,-2909,2,261,1.27,-3694.43,2026,Qtr3,8,Aug
,ACE-3100,CELCON M90 BLACK,DTS9696A1,2026-08-31,13133,-2909,0,-26423,-2909,2,262,1.27,-3694.43,2026,Qtr3,8,Aug
,ACE-3100,CELCON M90 BLACK,DTS8540A1,2026-09-03,13133,-429,0,-26852,-429,2,263,1.27,-544.83,2026,Qtr3,9,Sep
,ACE-3100,CELCON M90 BLACK,DTS8540A1,2026-09-10,13133,-429,0,-27281,-429,2,264,1.27,-544.83,2026,Qtr3,9,Sep
,ACE-3100,CELCON M90 BLACK,DTS8540A1,2026-09-17,13133,-429,0,-27710,-429,2,265,1.27,-544.83,2026,Qtr3,9,Sep
,ACE-3100,CELCON M90 BLACK,DTS8540A1,2026-09-24,13133,-429,0,-28139,-429,2,266,1.27,-544.83,2026,Qtr3,9,Sep
,ACE-3100,CELCON M90 BLACK,DTS8540A1,2026-10-01,13133,-429,0,-28568,-429,2,267,1.27,-544.83,2026,Qtr4,10,Oct
,ACE-3100,CELCON M90 BLACK,DTS8540A1,2026-10-15,13133,-429,0,-28997,-429,2,268,1.27,-544.83,2026,Qtr4,10,Oct
,ACE-3100,CELCON M90 BLACK,DTS8540A1,2026-10-22,13133,-429,0,-29426,-429,2,269,1.27,-544.83,2026,Qtr4,10,Oct
,ACE-3100,CELCON M90 BLACK,DTS8540A1,2026-10-29,13133,-429,0,-29855,-429,2,270,1.27,-544.83,2026,Qtr4,10,Oct
,ACE-3100,CELCON M90 BLACK,DTS8540A1,2026-11-05,13133,-429,0,-30284,-429,2,271,1.27,-544.83,2026,Qtr4,11,Nov
,ACE-3100,CELCON M90 BLACK,DTS8540A1,2026-11-12,13133,-429,0,-30713,-429,2,272,1.27,-544.83,2026,Qtr4,11,Nov
,ACE-3100,CELCON M90 BLACK,DTS8540A1,2026-11-26,13133,-429,0,-31142,-429,2,273,1.27,-544.83,2026,Qtr4,11,Nov
,ACE-3100,CELCON M90 BLACK,DTS8540A1,2026-12-03,13133,-429,0,-31571,-429,2,274,1.27,-544.83,2026,Qtr4,12,Dec
,ACE-3100,CELCON M90 BLACK,DTS8540A1,2026-12-10,13133,-429,0,-32000,-429,2,275,1.27,-544.83,2026,Qtr4,12,Dec
,ACE-3100,CELCON M90 BLACK,DTS8540A1,2026-12-31,13133,-429,0,-32429,-429,2,276,1.27,-544.83,2026,Qtr4,12,Dec
,ACE-3100,CELCON M90 BLACK,DTS8540A1,2027-01-07,13133,-429,0,-32858,-429,2,277,1.27,-544.83,2027,Qtr1,1,Jan
,ACE-3100,CELCON M90 BLACK,DTS8540A1,2027-01-14,13133,-429,0,-33287,-429,2,278,1.27,-544.83,2027,Qtr1,1,Jan
,ACE-3100,CELCON M90 BLACK,DTS8540A1,2027-01-28,13133,-429,0,-33716,-429,2,279,1.27,-544.83,2027,Qtr1,1,Jan
,ACE-8849,Iupital F20-03 Black,_Inventory,2026-02-06,125,0,0,125,125,1,280,1.76,220,2026,Qtr1,2,Feb
,ACE-8851,Iupital F20-03 Natural,_Inventory,2026-02-06,2116,0,0,2116,2116,1,281,1.58,3343.28,2026,Qtr1,2,Feb
,ACE-8930,"Delrin 500P, Natural",_Inventory,2026-02-06,40,0,0,40,40,1,282,5,200,2026,Qtr1,2,Feb
,ASA-1000,Luran S778T UV BK28214,_Inventory,2026-02-06,2656,0,0,2656,2656,1,283,1.83,4860.4800000000005,2026,Qtr1,2,Feb
,ASA-1000,Luran S778T UV BK28214,DEC9483A1,2026-02-06,2656,-123,0,2533,-123,2,284,1.83,-225.09,2026,Qtr1,2,Feb
,ASA-1000,Luran S778T UV BK28214,DEC9261B1,2026-02-06,2656,-122,0,2411,-122,2,285,1.83,-223.26000000000002,2026,Qtr1,2,Feb
,ASA-1000,Luran S778T UV BK28214,DEC9261A1,2026-02-06,2656,-47,0,2364,-47,2,286,1.83,-86.01,2026,Qtr1,2,Feb
,ASA-1000,Luran S778T UV BK28214,DEC9483A1,2026-02-13,2656,-421,0,1943,-421,2,287,1.83,-770.4300000000001,2026,Qtr1,2,Feb
,ASA-1000,Luran S778T UV BK28214,DEC9483A1,2026-02-20,2656,-211,0,1732,-211,2,288,1.83,-386.13,2026,Qtr1,2,Feb
,ASA-1000,Luran S778T UV BK28214,DEC9483A1,2026-02-27,2656,-211,0,1521,-211,2,289,1.83,-386.13,2026,Qtr1,2,Feb
,ASA-1000,Luran S778T UV BK28214,DEC9483A1,2026-03-06,2656,-211,0,1310,-211,2,290,1.83,-386.13,2026,Qtr1,3,Mar
,ASA-1000,Luran S778T UV BK28214,DEC9483A1,2026-03-13,2656,-211,0,1099,-211,2,291,1.83,-386.13,2026,Qtr1,3,Mar
2881,ASA-1000,Luran S778T UV BK28214,WH7386,2026-03-16,2656,0,1600,2699,1600,4,292,1.83,2928,2026,Qtr1,3,Mar
,ASA-1000,Luran S778T UV BK28214,DEC9483A1,2026-03-20,2656,-211,0,2488,-211,2,293,1.83,-386.13,2026,Qtr1,3,Mar
,ASA-1000,Luran S778T UV BK28214,DEC9483A1,2026-03-27,2656,-211,0,2277,-211,2,294,1.83,-386.13,2026,Qtr1,3,Mar
,ASA-1000,Luran S778T UV BK28214,DEC9261B1,2026-03-27,2656,-80,0,2197,-80,2,295,1.83,-146.4,2026,Qtr1,3,Mar
,ASA-1000,Luran S778T UV BK28214,DEC9261A1,2026-03-27,2656,-79,0,2118,-79,2,296,1.83,-144.57,2026,Qtr1,3,Mar
,ASA-1000,Luran S778T UV BK28214,DEC9483A1,2026-04-06,2656,-211,0,1907,-211,2,297,1.83,-386.13,2026,Qtr2,4,Apr
,ASA-1000,Luran S778T UV BK28214,DEC9483A1,2026-04-13,2656,-421,0,1486,-421,2,298,1.83,-770.4300000000001,2026,Qtr2,4,Apr
2881,ASA-1000,Luran S778T UV BK28214,WH7386,2026-04-13,2656,0,1600,3086,1600,4,299,1.83,2928,2026,Qtr2,4,Apr
,ASA-1000,Luran S778T UV BK28214,DEC9483A1,2026-04-20,2656,-211,0,2875,-211,2,300,1.83,-386.13,2026,Qtr2,4,Apr
,ASA-1000,Luran S778T UV BK28214,DEC9261B1,2026-04-20,2656,-80,0,2795,-80,2,301,1.83,-146.4,2026,Qtr2,4,Apr
,ASA-1000,Luran S778T UV BK28214,DEC9261A1,2026-04-20,2656,-79,0,2716,-79,2,302,1.83,-144.57,2026,Qtr2,4,Apr
,ASA-1000,Luran S778T UV BK28214,DEC9483A1,2026-04-27,2656,-211,0,2505,-211,2,303,1.83,-386.13,2026,Qtr2,4,Apr
,ASA-1000,Luran S778T UV BK28214,DEC9261B1,2026-04-27,2656,-80,0,2425,-80,2,304,1.83,-146.4,2026,Qtr2,4,Apr
,ASA-1000,Luran S778T UV BK28214,DEC9261A1,2026-04-27,2656,-79,0,2346,-79,2,305,1.83,-144.57,2026,Qtr2,4,Apr
,ASA-1000,Luran S778T UV BK28214,DEC9483A1,2026-05-04,2656,-211,0,2135,-211,2,306,1.83,-386.13,2026,Qtr2,5,May
,ASA-1000,Luran S778T UV BK28214,DEC9483A1,2026-05-11,2656,-211,0,1924,-211,2,307,1.83,-386.13,2026,Qtr2,5,May
,ASA-1000,Luran S778T UV BK28214,DEC9261B1,2026-05-18,2656,-80,0,1844,-80,2,308,1.83,-146.4,2026,Qtr2,5,May
,ASA-1000,Luran S778T UV BK28214,DEC9261A1,2026-05-18,2656,-79,0,1765,-79,2,309,1.83,-144.57,2026,Qtr2,5,May
,ASA-1000,Luran S778T UV BK28214,DEC9483A1,2026-05-25,2656,-211,0,1554,-211,2,310,1.83,-386.13,2026,Qtr2,5,May
,ASA-1000,Luran S778T UV BK28214,DEC9483A1,2026-06-01,2656,-211,0,1343,-211,2,311,1.83,-386.13,2026,Qtr2,6,Jun
,ASA-1000,Luran S778T UV BK28214,DEC9261B1,2026-06-08,2656,-80,0,1263,-80,2,312,1.83,-146.4,2026,Qtr2,6,Jun
,ASA-1000,Luran S778T UV BK28214,DEC9261A1,2026-06-08,2656,-79,0,1184,-79,2,313,1.83,-144.57,2026,Qtr2,6,Jun
,ASA-1000,Luran S778T UV BK28214,DEC9483A1,2026-06-15,2656,-421,0,763,-421,2,314,1.83,-770.4300000000001,2026,Qtr2,6,Jun
,ASA-1000,Luran S778T UV BK28214,DEC9483A1,2026-07-06,2656,-632,0,131,-632,2,315,1.83,-1156.56,2026,Qtr3,7,Jul
,ASA-1000,Luran S778T UV BK28214,DEC9261B1,2026-07-06,2656,-159,0,-28,-159,2,316,1.83,-290.97,2026,Qtr3,7,Jul
,ASA-1000,Luran S778T UV BK28214,DEC9261A1,2026-07-06,2656,-159,0,-187,-159,2,317,1.83,-290.97,2026,Qtr3,7,Jul
,ASA-1000,Luran S778T UV BK28214,DEC9483A1,2026-08-03,2656,-843,0,-1030,-843,2,318,1.83,-1542.69,2026,Qtr3,8,Aug
,ASA-1000,Luran S778T UV BK28214,DEC9261A1,2026-08-03,2656,-159,0,-1189,-159,2,319,1.83,-290.97,2026,Qtr3,8,Aug
,ASA-1000,Luran S778T UV BK28214,DEC9261B1,2026-08-03,2656,-159,0,-1348,-159,2,320,1.83,-290.97,2026,Qtr3,8,Aug
,ASA-1000,Luran S778T UV BK28214,DEC9483A1,2026-09-07,2656,-632,0,-1980,-632,2,321,1.83,-1156.56,2026,Qtr3,9,Sep
,ASA-1000,Luran S778T UV BK28214,DEC9261B1,2026-09-07,2656,-159,0,-2139,-159,2,322,1.83,-290.97,2026,Qtr3,9,Sep
,ASA-1000,Luran S778T UV BK28214,DEC9261A1,2026-09-07,2656,-159,0,-2298,-159,2,323,1.83,-290.97,2026,Qtr3,9,Sep
,ASA-1000,Luran S778T UV BK28214,DEC9483A1,2026-10-05,2656,-843,0,-3141,-843,2,324,1.83,-1542.69,2026,Qtr4,10,Oct
,ASA-1000,Luran S778T UV BK28214,DEC9483A1,2026-11-02,2656,-421,0,-3562,-421,2,325,1.83,-770.4300000000001,2026,Qtr4,11,Nov
,ASA-1000,Luran S778T UV BK28214,DEC9261B1,2026-11-02,2656,-239,0,-3801,-239,2,326,1.83,-437.37,2026,Qtr4,11,Nov
,ASA-1000,Luran S778T UV BK28214,DEC9261A1,2026-11-02,2656,-238,0,-4039,-238,2,327,1.83,-435.54,2026,Qtr4,11,Nov
,ASA-1000,Luran S778T UV BK28214,DEC9261B1,2026-12-07,2656,-80,0,-4119,-80,2,328,1.83,-146.4,2026,Qtr4,12,Dec
,ASA-1000,Luran S778T UV BK28214,DEC9261A1,2026-12-07,2656,-79,0,-4198,-79,2,329,1.83,-144.57,2026,Qtr4,12,Dec
,ASA-1100,LURAN 778T SPF30,_Inventory,2026-02-06,1732,0,0,1732,1732,1,330,1.93,3342.7599999999998,2026,Qtr1,2,Feb
,ASA-9709,Luran S 777KBK25991,_Inventory,2026-02-06,300,0,0,300,300,1,331,1.64,491.99999999999994,2026,Qtr1,2,Feb
,BHR8535A2-W,Overmold,_Inventory,2026-02-06,2000,0,0,2000,2000,1,332,0,0,2026,Qtr1,2,Feb
,BHR8732A2,1 HL 1367081 / 84124655,_Inventory,2026-02-06,1344,0,0,1344,1344,1,333,0,0,2026,Qtr1,2,Feb
,CLR-0001,RC15315 Gray,_Inventory,2026-02-06,34,0,0,34,34,1,334,4.32,146.88,2026,Qtr1,2,Feb
,CLR-3100,Black 7491-1-Y,_Inventory,2026-02-06,1472,0,0,1472,1472,1,335,1.25,1840,2026,Qtr1,2,Feb
,CLR-3100,Black 7491-1-Y,BWA9680A1,2026-02-11,1472,-46,0,1426,-46,2,336,1.25,-57.5,2026,Qtr1,2,Feb
,CLR-3100,Black 7491-1-Y,BWA8790A2,2026-02-16,1472,-8,0,1418,-8,2,337,1.25,-10,2026,Qtr1,2,Feb
,CLR-3100,Black 7491-1-Y,BWA9191A1,2026-02-19,1472,-5,0,1413,-5,2,338,1.25,-6.25,2026,Qtr1,2,Feb
,CLR-3100,Black 7491-1-Y,BWA9680A1,2026-02-23,1472,-48,0,1365,-48,2,339,1.25,-60,2026,Qtr1,2,Feb
,CLR-3100,Black 7491-1-Y,BWA8790A2,2026-02-23,1472,-8,0,1357,-8,2,340,1.25,-10,2026,Qtr1,2,Feb
,CLR-3100,Black 7491-1-Y,BWA9314A1,2026-02-24,1472,-8,0,1349,-8,2,341,1.25,-10,2026,Qtr1,2,Feb
,CLR-3100,Black 7491-1-Y,BWA9196A2,2026-02-25,1472,-10,0,1339,-10,2,342,1.25,-12.5,2026,Qtr1,2,Feb
,CLR-3100,Black 7491-1-Y,BWA7648A1,2026-02-26,1472,-6,0,1333,-6,2,343,1.25,-7.5,2026,Qtr1,2,Feb
,CLR-3100,Black 7491-1-Y,BWA7654A1,2026-03-02,1472,-1,0,1332,-1,2,344,1.25,-1.25,2026,Qtr1,3,Mar
,CLR-3100,Black 7491-1-Y,BWA8790A2,2026-03-03,1472,-8,0,1324,-8,2,345,1.25,-10,2026,Qtr1,3,Mar
,CLR-3100,Black 7491-1-Y,BWA9680A1,2026-03-04,1472,-48,0,1276,-48,2,346,1.25,-60,2026,Qtr1,3,Mar
,CLR-3100,Black 7491-1-Y,BWA9314A1,2026-03-10,1472,-10,0,1266,-10,2,347,1.25,-12.5,2026,Qtr1,3,Mar
,CLR-3100,Black 7491-1-Y,BWA8790A2,2026-03-10,1472,-8,0,1258,-8,2,348,1.25,-10,2026,Qtr1,3,Mar
,CLR-3100,Black 7491-1-Y,BWA9680A1,2026-03-11,1472,-48,0,1210,-48,2,349,1.25,-60,2026,Qtr1,3,Mar
,CLR-3100,Black 7491-1-Y,BWA7654A1,2026-03-11,1472,-18,0,1192,-18,2,350,1.25,-22.5,2026,Qtr1,3,Mar
,CLR-3100,Black 7491-1-Y,BWA8790A2,2026-03-16,1472,-8,0,1184,-8,2,351,1.25,-10,2026,Qtr1,3,Mar
,CLR-3100,Black 7491-1-Y,BWA9680A1,2026-03-18,1472,-48,0,1136,-48,2,352,1.25,-60,2026,Qtr1,3,Mar
,CLR-3100,Black 7491-1-Y,BWA-6127,2026-03-19,1472,-14,0,1122,-14,2,353,1.25,-17.5,2026,Qtr1,3,Mar
,CLR-3100,Black 7491-1-Y,BWA-6257,2026-03-19,1472,-11,0,1111,-11,2,354,1.25,-13.75,2026,Qtr1,3,Mar
,CLR-3100,Black 7491-1-Y,BWA8790A2,2026-03-23,1472,-8,0,1103,-8,2,355,1.25,-10,2026,Qtr1,3,Mar
,CLR-3100,Black 7491-1-Y,BWA9680A1,2026-03-25,1472,-48,0,1055,-48,2,356,1.25,-60,2026,Qtr1,3,Mar
,CLR-3100,Black 7491-1-Y,BWA7654A1,2026-03-25,1472,-18,0,1037,-18,2,357,1.25,-22.5,2026,Qtr1,3,Mar
,CLR-3100,Black 7491-1-Y,BWA7648A1,2026-03-25,1472,-6,0,1031,-6,2,358,1.25,-7.5,2026,Qtr1,3,Mar
,CLR-3100,Black 7491-1-Y,BWA9196A2,2026-03-26,1472,-10,0,1021,-10,2,359,1.25,-12.5,2026,Qtr1,3,Mar
,CLR-3100,Black 7491-1-Y,BWA8790A2,2026-03-26,1472,-8,0,1013,-8,2,360,1.25,-10,2026,Qtr1,3,Mar
,CLR-3100,Black 7491-1-Y,BWA8790A2,2026-04-02,1472,-8,0,1005,-8,2,361,1.25,-10,2026,Qtr2,4,Apr
,CLR-3100,Black 7491-1-Y,BWA7654A1,2026-04-07,1472,-18,0,987,-18,2,362,1.25,-22.5,2026,Qtr2,4,Apr
,CLR-3100,Black 7491-1-Y,BWA9680A1,2026-04-08,1472,-48,0,939,-48,2,363,1.25,-60,2026,Qtr2,4,Apr
,CLR-3100,Black 7491-1-Y,BWA8790A2,2026-04-13,1472,-8,0,931,-8,2,364,1.25,-10,2026,Qtr2,4,Apr
,CLR-3100,Black 7491-1-Y,BWA9680A1,2026-04-16,1472,-48,0,883,-48,2,365,1.25,-60,2026,Qtr2,4,Apr
,CLR-3100,Black 7491-1-Y,BWA8055A1,2026-04-16,1472,-10,0,873,-10,2,366,1.25,-12.5,2026,Qtr2,4,Apr
,CLR-3100,Black 7491-1-Y,BWA7654A1,2026-04-20,1472,-18,0,855,-18,2,367,1.25,-22.5,2026,Qtr2,4,Apr
,CLR-3100,Black 7491-1-Y,BWA8790A2,2026-04-20,1472,-8,0,847,-8,2,368,1.25,-10,2026,Qtr2,4,Apr
,CLR-3100,Black 7491-1-Y,BWA7648A1,2026-04-22,1472,-6,0,841,-6,2,369,1.25,-7.5,2026,Qtr2,4,Apr
,CLR-3100,Black 7491-1-Y,BWA8790A2,2026-04-23,1472,-8,0,833,-8,2,370,1.25,-10,2026,Qtr2,4,Apr
,CLR-3100,Black 7491-1-Y,BWA9680A1,2026-04-29,1472,-48,0,785,-48,2,371,1.25,-60,2026,Qtr2,4,Apr
,CLR-3100,Black 7491-1-Y,BWA7654A1,2026-04-30,1472,-18,0,767,-18,2,372,1.25,-22.5,2026,Qtr2,4,Apr
,CLR-3100,Black 7491-1-Y,BWA8790A2,2026-04-30,1472,-8,0,759,-8,2,373,1.25,-10,2026,Qtr2,4,Apr
,CLR-3100,Black 7491-1-Y,BWA9680A1,2026-05-01,1472,-143,0,616,-143,2,374,1.25,-178.75,2026,Qtr2,5,May
,CLR-3100,Black 7491-1-Y,BWA7654A1,2026-05-01,1472,-35,0,581,-35,2,375,1.25,-43.75,2026,Qtr2,5,May
,CLR-3100,Black 7491-1-Y,BWA8790A2,2026-05-01,1472,-33,0,548,-33,2,376,1.25,-41.25,2026,Qtr2,5,May
,CLR-3100,Black 7491-1-Y,BWA-6257,2026-05-01,1472,-12,0,536,-12,2,377,1.25,-15,2026,Qtr2,5,May
,CLR-3100,Black 7491-1-Y,BWA9196A2,2026-05-01,1472,-10,0,526,-10,2,378,1.25,-12.5,2026,Qtr2,5,May
,CLR-3100,Black 7491-1-Y,BWA7648A1,2026-05-01,1472,-6,0,520,-6,2,379,1.25,-7.5,2026,Qtr2,5,May
,CLR-3100,Black 7491-1-Y,BWA9680A1,2026-06-01,1472,-191,0,329,-191,2,380,1.25,-238.75,2026,Qtr2,6,Jun
,CLR-3100,Black 7491-1-Y,BWA7654A1,2026-06-01,1472,-35,0,294,-35,2,381,1.25,-43.75,2026,Qtr2,6,Jun
,CLR-3100,Black 7491-1-Y,BWA8790A2,2026-06-01,1472,-25,0,269,-25,2,382,1.25,-31.25,2026,Qtr2,6,Jun
,CLR-3100,Black 7491-1-Y,BWA-6127,2026-06-01,1472,-14,0,255,-14,2,383,1.25,-17.5,2026,Qtr2,6,Jun
,CLR-3100,Black 7491-1-Y,BWA7648A1,2026-06-01,1472,-12,0,243,-12,2,384,1.25,-15,2026,Qtr2,6,Jun
,CLR-3100,Black 7491-1-Y,BWA9196A2,2026-06-01,1472,-10,0,233,-10,2,385,1.25,-12.5,2026,Qtr2,6,Jun
,CLR-3100,Black 7491-1-Y,BWA8054A1,2026-06-01,1472,-7,0,226,-7,2,386,1.25,-8.75,2026,Qtr2,6,Jun
,CLR-3100,Black 7491-1-Y,BWA8052A1,2026-06-01,1472,-7,0,219,-7,2,387,1.25,-8.75,2026,Qtr2,6,Jun
,CLR-3100,Black 7491-1-Y,BWA-7007,2026-06-01,1472,-2,0,217,-2,2,388,1.25,-2.5,2026,Qtr2,6,Jun
,CLR-3100,Black 7491-1-Y,BWA9680A1,2026-07-01,1472,-191,0,26,-191,2,389,1.25,-238.75,2026,Qtr3,7,Jul
,CLR-3100,Black 7491-1-Y,BWA7654A1,2026-07-01,1472,-35,0,-9,-35,2,390,1.25,-43.75,2026,Qtr3,7,Jul
,CLR-3100,Black 7491-1-Y,BWA8790A2,2026-07-01,1472,-25,0,-34,-25,2,391,1.25,-31.25,2026,Qtr3,7,Jul
,CLR-3100,Black 7491-1-Y,BWA8055A1,2026-07-01,1472,-10,0,-44,-10,2,392,1.25,-12.5,2026,Qtr3,7,Jul
,CLR-3100,Black 7491-1-Y,BWA9196A2,2026-07-01,1472,-10,0,-54,-10,2,393,1.25,-12.5,2026,Qtr3,7,Jul
,CLR-3100,Black 7491-1-Y,BWA7648A1,2026-07-01,1472,-6,0,-60,-6,2,394,1.25,-7.5,2026,Qtr3,7,Jul
,CLR-3100,Black 7491-1-Y,BWA9680A1,2026-07-31,1472,-191,0,-251,-191,2,395,1.25,-238.75,2026,Qtr3,7,Jul
,CLR-3100,Black 7491-1-Y,BWA7654A1,2026-07-31,1472,-35,0,-286,-35,2,396,1.25,-43.75,2026,Qtr3,7,Jul
,CLR-3100,Black 7491-1-Y,BWA8790A2,2026-07-31,1472,-33,0,-319,-33,2,397,1.25,-41.25,2026,Qtr3,7,Jul
,CLR-3100,Black 7491-1-Y,BWA-6127,2026-07-31,1472,-14,0,-333,-14,2,398,1.25,-17.5,2026,Qtr3,7,Jul
,CLR-3100,Black 7491-1-Y,BWA-6257,2026-07-31,1472,-12,0,-345,-12,2,399,1.25,-15,2026,Qtr3,7,Jul
,CLR-3100,Black 7491-1-Y,BWA9196A2,2026-07-31,1472,-10,0,-355,-10,2,400,1.25,-12.5,2026,Qtr3,7,Jul
,CLR-3100,Black 7491-1-Y,BWA7648A1,2026-07-31,1472,-6,0,-361,-6,2,401,1.25,-7.5,2026,Qtr3,7,Jul
,CLR-3100,Black 7491-1-Y,BWA9680A1,2026-09-01,1472,-143,0,-504,-143,2,402,1.25,-178.75,2026,Qtr3,9,Sep
,CLR-3100,Black 7491-1-Y,BWA7654A1,2026-09-01,1472,-53,0,-557,-53,2,403,1.25,-66.25,2026,Qtr3,9,Sep
,CLR-3100,Black 7491-1-Y,BWA8790A2,2026-09-01,1472,-42,0,-599,-42,2,404,1.25,-52.5,2026,Qtr3,9,Sep
,CLR-3100,Black 7491-1-Y,BWA9196A2,2026-09-01,1472,-10,0,-609,-10,2,405,1.25,-12.5,2026,Qtr3,9,Sep
,CLR-3100,Black 7491-1-Y,BWA9197A1,2026-09-01,1472,-9,0,-618,-9,2,406,1.25,-11.25,2026,Qtr3,9,Sep
,CLR-3100,Black 7491-1-Y,BWA7648A1,2026-09-01,1472,-6,0,-624,-6,2,407,1.25,-7.5,2026,Qtr3,9,Sep
,CLR-3100,Black 7491-1-Y,BWA9316A1-W,2026-09-01,1472,-2,0,-626,-2,2,408,1.25,-2.5,2026,Qtr3,9,Sep
,CLR-3100,Black 7491-1-Y,BWA9680A1,2026-10-01,1472,-191,0,-817,-191,2,409,1.25,-238.75,2026,Qtr4,10,Oct
,CLR-3100,Black 7491-1-Y,BWA7654A1,2026-10-01,1472,-35,0,-852,-35,2,410,1.25,-43.75,2026,Qtr4,10,Oct
,CLR-3100,Black 7491-1-Y,BWA8790A2,2026-10-01,1472,-33,0,-885,-33,2,411,1.25,-41.25,2026,Qtr4,10,Oct
,CLR-3100,Black 7491-1-Y,BWA8055A1,2026-10-01,1472,-10,0,-895,-10,2,412,1.25,-12.5,2026,Qtr4,10,Oct
,CLR-3100,Black 7491-1-Y,BWA7648A1,2026-10-01,1472,-6,0,-901,-6,2,413,1.25,-7.5,2026,Qtr4,10,Oct
,CLR-3100,Black 7491-1-Y,BWA9680A1,2026-10-30,1472,-143,0,-1044,-143,2,414,1.25,-178.75,2026,Qtr4,10,Oct
,CLR-3100,Black 7491-1-Y,BWA7654A1,2026-10-30,1472,-35,0,-1079,-35,2,415,1.25,-43.75,2026,Qtr4,10,Oct
,CLR-3100,Black 7491-1-Y,BWA8790A2,2026-10-30,1472,-33,0,-1112,-33,2,416,1.25,-41.25,2026,Qtr4,10,Oct
,CLR-3100,Black 7491-1-Y,BWA7648A1,2026-10-30,1472,-6,0,-1118,-6,2,417,1.25,-7.5,2026,Qtr4,10,Oct
,CLR-3100,Black 7491-1-Y,BWA9680A1,2026-12-01,1472,-143,0,-1261,-143,2,418,1.25,-178.75,2026,Qtr4,12,Dec
,CLR-3100,Black 7491-1-Y,BWA7654A1,2026-12-01,1472,-35,0,-1296,-35,2,419,1.25,-43.75,2026,Qtr4,12,Dec
,CLR-3100,Black 7491-1-Y,BWA8790A2,2026-12-01,1472,-33,0,-1329,-33,2,420,1.25,-41.25,2026,Qtr4,12,Dec
,CLR-3100,Black 7491-1-Y,BWA9196A2,2026-12-01,1472,-10,0,-1339,-10,2,421,1.25,-12.5,2026,Qtr4,12,Dec
,CLR-3100,Black 7491-1-Y,BWA7648A1,2026-12-01,1472,-6,0,-1345,-6,2,422,1.25,-7.5,2026,Qtr4,12,Dec
,CLR-3100,Black 7491-1-Y,BWA9680A1,2027-01-01,1472,-96,0,-1441,-96,2,423,1.25,-120,2027,Qtr1,1,Jan
,CLR-3100,Black 7491-1-Y,BWA7654A1,2027-01-01,1472,-18,0,-1459,-18,2,424,1.25,-22.5,2027,Qtr1,1,Jan
,CLR-3100,Black 7491-1-Y,BWA8790A2,2027-01-01,1472,-8,0,-1467,-8,2,425,1.25,-10,2027,Qtr1,1,Jan
,CLR-3100,Black 7491-1-Y,BWA9680A1,2027-02-01,1472,-48,0,-1515,-48,2,426,1.25,-60,2027,Qtr1,2,Feb
,CLR-3100,Black 7491-1-Y,BWA9314A1,2027-04-30,1472,-10,0,-1525,-10,2,427,1.25,-12.5,2027,Qtr2,4,Apr
,CLR-5200,0028689PSF RED 25:1 PSF-1000NAT'L,_Inventory,2026-02-06,42,0,0,42,42,1,428,42.01,1764.4199999999998,2026,Qtr1,2,Feb
,CLR-6400,UN55162 CORNFLOWER BLUE COL,_Inventory,2026-02-06,3,0,0,3,3,1,429,14.42,43.26,2026,Qtr1,2,Feb
,CLR-6800,CLARIANT GYB-754 AB73620271,_Inventory,2026-02-06,9,0,0,9,9,1,430,18.25,164.25,2026,Qtr1,2,Feb
,CLR-8300,OmniColor UN1693 Banana,_Inventory,2026-02-06,17,0,0,17,17,1,431,51.2,870.4000000000001,2026,Qtr1,2,Feb
,CLR-8300,OmniColor UN1693 Banana,BWA8459A1,2026-02-17,17,0,0,17,0,2,432,51.2,0,2026,Qtr1,2,Feb
,CLR-8300,OmniColor UN1693 Banana,BWA8459A1,2026-03-12,17,0,0,17,0,2,433,51.2,0,2026,Qtr1,3,Mar
,CLR-8300,OmniColor UN1693 Banana,BWA8459A1,2026-04-09,17,0,0,17,0,2,434,51.2,0,2026,Qtr2,4,Apr
,CLR-8300,OmniColor UN1693 Banana,BWA8459A1,2026-05-01,17,0,0,17,0,2,435,51.2,0,2026,Qtr2,5,May
,CLR-8300,OmniColor UN1693 Banana,BWA8459A1,2026-06-01,17,0,0,17,0,2,436,51.2,0,2026,Qtr2,6,Jun
,CLR-8300,OmniColor UN1693 Banana,BWA8459A1,2026-07-01,17,0,0,17,0,2,437,51.2,0,2026,Qtr3,7,Jul
,CLR-8300,OmniColor UN1693 Banana,BWA8459A1,2026-07-31,17,0,0,17,0,2,438,51.2,0,2026,Qtr3,7,Jul
,CLR-8300,OmniColor UN1693 Banana,BWA8459A1,2026-09-01,17,0,0,17,0,2,439,51.2,0,2026,Qtr3,9,Sep
,CLR-8300,OmniColor UN1693 Banana,BWA8459A1,2026-10-30,17,0,0,17,0,2,440,51.2,0,2026,Qtr4,10,Oct
,CLR-8900,RC89622 Purple Colorant,_Inventory,2026-02-06,13,0,0,13,13,1,441,8.22,106.86000000000001,2026,Qtr1,2,Feb
,CLR-8900,RC89622 Purple Colorant,BWA9185A1,2026-03-23,13,0,0,13,0,2,442,8.22,0,2026,Qtr1,3,Mar
,CLR-8900,RC89622 Purple Colorant,BWA9185A1,2026-04-06,13,0,0,13,0,2,443,8.22,0,2026,Qtr2,4,Apr
,CLR-8900,RC89622 Purple Colorant,BWA9185A1,2026-04-20,13,0,0,13,0,2,444,8.22,0,2026,Qtr2,4,Apr
,CLR-8900,RC89622 Purple Colorant,BWA9185A1,2026-05-04,13,0,0,13,0,2,445,8.22,0,2026,Qtr2,5,May
,CLR-8900,RC89622 Purple Colorant,BWA9185A1,2026-05-18,13,0,0,13,0,2,446,8.22,0,2026,Qtr2,5,May
,CLR-8900,RC89622 Purple Colorant,BWA9185A1,2026-06-01,13,0,0,13,0,2,447,8.22,0,2026,Qtr2,6,Jun
,CLR-8900,RC89622 Purple Colorant,BWA9185A1,2026-06-15,13,0,0,13,0,2,448,8.22,0,2026,Qtr2,6,Jun
,CLR-8900,RC89622 Purple Colorant,BWA9185A1,2026-06-29,13,0,0,13,0,2,449,8.22,0,2026,Qtr2,6,Jun
,CLR-8900,RC89622 Purple Colorant,BWA9185A1,2026-07-13,13,0,0,13,0,2,450,8.22,0,2026,Qtr3,7,Jul
,CLR-8900,RC89622 Purple Colorant,BWA9185A1,2026-08-10,13,0,0,13,0,2,451,8.22,0,2026,Qtr3,8,Aug
,CLR-8900,RC89622 Purple Colorant,BWA9185A1,2026-08-24,13,0,0,13,0,2,452,8.22,0,2026,Qtr3,8,Aug
,CLR-8900,RC89622 Purple Colorant,BWA9185A1,2026-09-07,13,0,0,13,0,2,453,8.22,0,2026,Qtr3,9,Sep
,CLR-8900,RC89622 Purple Colorant,BWA9185A1,2026-09-21,13,0,0,13,0,2,454,8.22,0,2026,Qtr3,9,Sep
,CLR-9000,OC5SAD Omnicolor Powder Blue UN5009,_Inventory,2026-02-06,5,0,0,5,5,1,455,13.35,66.75,2026,Qtr1,2,Feb
,CLR-9000,OC5SAD Omnicolor Powder Blue UN5009,BWA9463A1,2026-02-27,5,-5,0,0,-5,2,456,13.35,-66.75,2026,Qtr1,2,Feb
8918,CLR-9000,OC5SAD Omnicolor Powder Blue UN5009,WH7601,2026-03-16,5,0,50,50,50,4,457,13.35,667.5,2026,Qtr1,3,Mar
,CLR-9000,OC5SAD Omnicolor Powder Blue UN5009,BWA9192A1,2026-03-26,5,-3,0,47,-3,2,458,13.35,-40.05,2026,Qtr1,3,Mar
,CLR-9000,OC5SAD Omnicolor Powder Blue UN5009,BWA9463A1,2026-03-27,5,-10,0,37,-5,2,459,13.35,-66.75,2026,Qtr1,3,Mar
,CLR-9000,OC5SAD Omnicolor Powder Blue UN5009,BWA9463A1,2026-04-01,5,-5,0,32,-5,2,460,13.35,-66.75,2026,Qtr2,4,Apr
,CLR-9000,OC5SAD Omnicolor Powder Blue UN5009,BWA9463A1,2026-04-02,5,-5,0,27,-5,2,461,13.35,-66.75,2026,Qtr2,4,Apr
,CLR-9000,OC5SAD Omnicolor Powder Blue UN5009,BWA9463A1,2026-04-10,5,-5,0,22,-5,2,462,13.35,-66.75,2026,Qtr2,4,Apr
,CLR-9000,OC5SAD Omnicolor Powder Blue UN5009,BWA9192A1,2026-04-16,5,-3,0,19,-3,2,463,13.35,-40.05,2026,Qtr2,4,Apr
,CLR-9000,OC5SAD Omnicolor Powder Blue UN5009,BWA9463A1,2026-04-24,5,-5,0,14,-5,2,464,13.35,-66.75,2026,Qtr2,4,Apr
,CLR-9000,OC5SAD Omnicolor Powder Blue UN5009,BWA9192A1,2026-05-01,5,-3,0,11,-3,2,465,13.35,-40.05,2026,Qtr2,5,May
,CLR-9000,OC5SAD Omnicolor Powder Blue UN5009,BWA9463A1,2026-05-22,5,-5,0,6,-5,2,466,13.35,-66.75,2026,Qtr2,5,May
,CLR-9000,OC5SAD Omnicolor Powder Blue UN5009,BWA9192A1,2026-06-01,5,-3,0,3,-3,2,467,13.35,-40.05,2026,Qtr2,6,Jun
,CLR-9000,OC5SAD Omnicolor Powder Blue UN5009,BWA9463A1,2026-06-12,5,-5,0,-2,-5,2,468,13.35,-66.75,2026,Qtr2,6,Jun
,CLR-9000,OC5SAD Omnicolor Powder Blue UN5009,BWA9463A1,2026-07-01,5,-5,0,-7,-5,2,469,13.35,-66.75,2026,Qtr3,7,Jul
,CLR-9000,OC5SAD Omnicolor Powder Blue UN5009,BWA9463A1,2026-07-03,5,-5,0,-12,-5,2,470,13.35,-66.75,2026,Qtr3,7,Jul
,CLR-9000,OC5SAD Omnicolor Powder Blue UN5009,BWA9192A1,2026-07-31,5,-6,0,-18,-6,2,471,13.35,-80.1,2026,Qtr3,7,Jul
,CLR-9000,OC5SAD Omnicolor Powder Blue UN5009,BWA9192A1,2026-09-01,5,-3,0,-21,-3,2,472,13.35,-40.05,2026,Qtr3,9,Sep
,CLR-9000,OC5SAD Omnicolor Powder Blue UN5009,BWA9463A1,2026-10-01,5,-5,0,-26,-5,2,473,13.35,-66.75,2026,Qtr4,10,Oct
,CLR-9000,OC5SAD Omnicolor Powder Blue UN5009,BWA9192A1,2026-10-01,5,-3,0,-29,-3,2,474,13.35,-40.05,2026,Qtr4,10,Oct
,CLR-9000,OC5SAD Omnicolor Powder Blue UN5009,BWA9192A1,2026-10-30,5,-3,0,-32,-3,2,475,13.35,-40.05,2026,Qtr4,10,Oct
,CLR-9000,OC5SAD Omnicolor Powder Blue UN5009,BWA9192A1,2027-01-01,5,-3,0,-35,-3,2,476,13.35,-40.05,2027,Qtr1,1,Jan
,CLR-9300,50-905 Deep Black,_Inventory,2026-02-06,960,0,0,960,960,1,477,2.97,2851.2000000000003,2026,Qtr1,2,Feb
,CLR-9300,50-905 Deep Black,BWA9414A1-W,2026-02-25,960,-1,0,959,-1,2,478,2.97,-2.97,2026,Qtr1,2,Feb
,CLR-9300,50-905 Deep Black,BWA9416A1-W,2026-02-25,960,-1,0,958,-1,2,479,2.97,-2.97,2026,Qtr1,2,Feb
,CLR-9300,50-905 Deep Black,BWA9415A1-W,2026-02-26,960,-2,0,956,-2,2,480,2.97,-5.94,2026,Qtr1,2,Feb
,CLR-9300,50-905 Deep Black,BWA9315A1,2026-02-26,960,-2,0,954,-2,2,481,2.97,-5.94,2026,Qtr1,2,Feb
,CLR-9300,50-905 Deep Black,BWA9414A1-W,2026-03-02,960,-5,0,949,-5,2,482,2.97,-14.850000000000001,2026,Qtr1,3,Mar
,CLR-9300,50-905 Deep Black,BWA9416A1-W,2026-03-02,960,-5,0,944,-5,2,483,2.97,-14.850000000000001,2026,Qtr1,3,Mar
,CLR-9300,50-905 Deep Black,BWA9415A1-W,2026-03-04,960,-7,0,937,-7,2,484,2.97,-20.790000000000003,2026,Qtr1,3,Mar
,CLR-9300,50-905 Deep Black,BWA9416A1-W,2026-03-05,960,-8,0,929,-8,2,485,2.97,-23.76,2026,Qtr1,3,Mar
,CLR-9300,50-905 Deep Black,BWA9414A1-W,2026-03-05,960,-7,0,922,-7,2,486,2.97,-20.790000000000003,2026,Qtr1,3,Mar
,CLR-9300,50-905 Deep Black,BWA9415A1-W,2026-03-05,960,-1,0,921,-1,2,487,2.97,-2.97,2026,Qtr1,3,Mar
,CLR-9300,50-905 Deep Black,BWA9415A1-W,2026-03-09,960,-6,0,915,-6,2,488,2.97,-17.82,2026,Qtr1,3,Mar
,CLR-9300,50-905 Deep Black,BWA9414A1-W,2026-03-11,960,-9,0,906,-9,2,489,2.97,-26.73,2026,Qtr1,3,Mar
,CLR-9300,50-905 Deep Black,BWA9415A1-W,2026-03-12,960,-6,0,900,-6,2,490,2.97,-17.82,2026,Qtr1,3,Mar
,CLR-9300,50-905 Deep Black,BWA9416A1-W,2026-03-12,960,-6,0,894,-6,2,491,2.97,-17.82,2026,Qtr1,3,Mar
,CLR-9300,50-905 Deep Black,BWA9414A1-W,2026-03-16,960,-5,0,889,-5,2,492,2.97,-14.850000000000001,2026,Qtr1,3,Mar
,CLR-9300,50-905 Deep Black,BWA9415A1-W,2026-03-17,960,-10,0,879,-10,2,493,2.97,-29.700000000000003,2026,Qtr1,3,Mar
,CLR-9300,50-905 Deep Black,BWA9416A1-W,2026-03-18,960,-8,0,871,-8,2,494,2.97,-23.76,2026,Qtr1,3,Mar
,CLR-9300,50-905 Deep Black,BWA9414A1-W,2026-03-19,960,-7,0,864,-7,2,495,2.97,-20.790000000000003,2026,Qtr1,3,Mar
,CLR-9300,50-905 Deep Black,BWA9416A1-W,2026-03-24,960,-10,0,854,-10,2,496,2.97,-29.700000000000003,2026,Qtr1,3,Mar
,CLR-9300,50-905 Deep Black,BWA9415A1-W,2026-03-24,960,-6,0,848,-6,2,497,2.97,-17.82,2026,Qtr1,3,Mar
,CLR-9300,50-905 Deep Black,BWA9414A1-W,2026-03-25,960,-9,0,839,-9,2,498,2.97,-26.73,2026,Qtr1,3,Mar
,CLR-9300,50-905 Deep Black,BWA9415A1-W,2026-03-26,960,-7,0,832,-7,2,499,2.97,-20.790000000000003,2026,Qtr1,3,Mar
